{"cameraMode":{"drawMode":0,"name":"Shaded","section":"Shading Mode"},"sceneLighting":true,"audioPlay":false,"sceneViewState":{"showFog":true,"showMaterialUpdate":false,"showSkybox":true,"showFlares":true,"showImageEffects":true,"showParticleSystems":true,"showVisualEffectGraphs":true,"m_FxEnabled":true},"in2DMode":false,"pivot":{"x":239.48089599609376,"y":366.72100830078127,"z":-107.14779663085938},"rotation":{"x":-0.03872201591730118,"y":-0.3146875500679016,"z":0.012849723920226097,"w":-0.9483200311660767},"size":298.03692626953127,"orthographic":false}