{"cameraMode":{"drawMode":0,"name":"Shaded","section":"Shading Mode"},"sceneLighting":true,"audioPlay":false,"sceneViewState":{"showFog":true,"showMaterialUpdate":false,"showSkybox":true,"showFlares":true,"showImageEffects":true,"showParticleSystems":true,"showVisualEffectGraphs":true,"m_FxEnabled":true},"in2DMode":false,"pivot":{"x":-0.01999998837709427,"y":0.9883801341056824,"z":0.47999995946884158},"rotation":{"x":0.07047606259584427,"y":-0.8970617055892944,"z":0.1549030989408493,"w":0.4080367088317871},"size":0.24494898319244386,"orthographic":true}